Obj_1,Obj_2,Run,Iteration
0.11411146039575504,0.05705573019787752,1,6
