Obj_1,Obj_2,Run,Iteration
0.11281708760781584,0.05640854380390792,0,9
