Obj_1,Obj_2,Run,Iteration
0.12400290194900726,0.06200145097450363,1,0
