Obj_1,Obj_2,Run,Iteration
0.11639435240729232,0.05819717620364616,1,2
