Obj_1,Obj_2,Run,Iteration
0.1223728890369388,0.0611864445184694,0,1
