Obj_1,Obj_2,Run,Iteration
0.11169401610831547,0.05584700805415774,1,17
