Obj_1,Obj_2,Run,Iteration
0.11008049285672161,0.055040246428360806,1,18
