Obj_1,Obj_2,Run,Iteration
0.10430647528081152,0.05215323764040576,1,20
