Obj_1,Obj_2,Run,Iteration
0.11269054354847291,0.056345271774236455,0,18
