Obj_1,Obj_2,Run,Iteration
0.11592749984966438,0.05796374992483219,0,4
