Obj_1,Obj_2,Run,Iteration
0.10838892840958464,0.05419446420479232,0,20
