Obj_1,Obj_2,Run,Iteration
0.10871642297089035,0.054358211485445174,0,11
