Obj_1,Obj_2,Run,Iteration
0.11615751061608398,0.05807875530804199,0,1
