Obj_1,Obj_2,Run,Iteration
0.11759545714825179,0.05879772857412589,0,0
