Obj_1,Obj_2,Run,Iteration
0.11918733019209796,0.05959366509604898,1,4
