Obj_1,Obj_2,Run,Iteration
0.10466231593989136,0.05233115796994568,0,13
