Obj_1,Obj_2,Run,Iteration
0.11644393590867327,0.05822196795433664,0,0
