Obj_1,Obj_2,Run,Iteration
0.10709713318489547,0.053548566592447736,0,1
