Obj_1,Obj_2,Run,Iteration
0.125714244274183,0.0628571221370915,1,0
