Obj_1,Obj_2,Run,Iteration
0.10657716154725,0.053288580773625,0,7
