Obj_1,Obj_2,Run,Iteration
0.11207946936945917,0.056039734684729586,1,9
