Obj_1,Obj_2,Run,Iteration
0.11818331077121644,0.05909165538560822,1,7
