Obj_1,Obj_2,Run,Iteration
0.10729107206615004,0.05364553603307502,1,13
